Date,CPI,Unemployment Rate,Market Yield,Industrial Production Rate,Treasury Bill Rate,Capacity Utilization
1971-02-01,0.0,0.0,-0.1299999999999999,-0.0718000000000032,-0.7400000000000002,-0.16130000000001132
1971-03-01,0.10000000000000142,0.09999999999999964,-0.41000000000000014,-0.04070000000000107,-0.3200000000000003,-0.3586999999999989
1971-04-01,0.10000000000000142,-0.09999999999999964,0.1299999999999999,0.21100000000000563,0.48,0.20839999999999748
1971-05-01,0.19999999999999574,0.0,0.5599999999999996,0.19180000000000064,0.2799999999999998,0.3241000000000014
1971-06-01,0.20000000000000284,0.0,0.1299999999999999,0.159399999999998,0.6100000000000003,-0.0014999999999929514
1971-07-01,0.10000000000000142,0.09999999999999964,0.21000000000000085,-0.11079999999999757,0.6500000000000004,-0.06449999999999534
1971-08-01,0.10000000000000142,0.09999999999999964,-0.15000000000000036,-0.22070000000000078,-0.45999999999999996,-1.113500000000002
1971-09-01,0.09999999999999432,-0.09999999999999964,-0.4400000000000004,0.6145999999999958,-0.25,1.3543999999999983
1971-10-01,0.10000000000000142,-0.20000000000000018,-0.20999999999999996,0.28770000000000095,-0.23000000000000043,0.9605999999999995
1971-11-01,0.10000000000000142,0.20000000000000018,-0.1200000000000001,0.16429999999999723,-0.2400000000000002,0.09369999999999834
1971-12-01,0.10000000000000142,0.0,0.1200000000000001,0.44890000000000185,-0.20999999999999996,0.5348999999999933
1972-01-01,0.10000000000000142,-0.20000000000000018,0.020000000000000462,0.9406000000000034,-0.6299999999999999,1.8141999999999996
1972-02-01,0.19999999999999574,-0.09999999999999964,0.1299999999999999,0.4180999999999955,-0.17999999999999972,0.47860000000000014
1972-03-01,0.0,0.09999999999999964,-0.009999999999999787,0.2834000000000003,0.5299999999999998,0.3558000000000021
1972-04-01,0.10000000000000142,-0.09999999999999964,0.1200000000000001,0.4077000000000055,-0.020000000000000018,0.6827000000000112
1972-05-01,0.10000000000000142,0.0,-0.0600000000000005,0.005699999999997374,-0.020000000000000018,-0.06880000000001019
1972-06-01,0.10000000000000142,0.0,-0.019999999999999574,0.09980000000000189,0.2200000000000002,0.06350000000000477
1972-07-01,0.09999999999999432,-0.10000000000000053,0.0,-0.04129999999999967,0.06999999999999984,-0.23799999999999955
1972-08-01,0.10000000000000142,0.0,0.09999999999999964,0.5672999999999959,0.03999999999999959,0.8620999999999981
1972-09-01,0.20000000000000284,-0.09999999999999964,0.33999999999999986,0.3271000000000015,0.6400000000000006,0.44190000000000396
1972-10-01,0.10000000000000142,0.09999999999999964,-0.0699999999999994,0.5315999999999974,0.08000000000000007,0.9328999999999894
1972-11-01,0.19999999999999574,-0.2999999999999998,-0.20000000000000018,0.5089000000000041,0.040000000000000036,0.8097000000000065
1972-12-01,0.10000000000000142,-0.09999999999999964,0.08000000000000007,0.48910000000000053,0.29000000000000004,0.8833999999999946
1973-01-01,0.20000000000000284,-0.2999999999999998,0.09999999999999964,0.32269999999999754,0.33999999999999986,0.38900000000001
1973-02-01,0.29999999999999716,0.09999999999999964,0.17999999999999972,0.6347000000000023,0.1899999999999995,1.115399999999994
1973-03-01,0.3999999999999986,-0.09999999999999964,0.07000000000000028,0.014499999999998181,0.4900000000000002,-0.11069999999999425
1973-04-01,0.30000000000000426,0.09999999999999964,-0.040000000000000036,-0.056800000000002626,0.16999999999999993,-0.41680000000000916
1973-05-01,0.19999999999999574,-0.09999999999999964,0.17999999999999972,0.30460000000000065,0.10000000000000053,0.25
1973-06-01,0.30000000000000426,0.0,0.05000000000000071,0.045000000000001705,0.8300000000000001,-0.27669999999999106
1973-07-01,0.0,-0.10000000000000053,0.22999999999999954,0.17909999999999826,0.8199999999999994,0.06040000000000134
1973-08-01,0.7999999999999972,0.0,0.27000000000000046,-0.06810000000000116,0.6600000000000001,-0.5131000000000085
1973-09-01,0.20000000000000284,0.0,-0.3100000000000005,0.36660000000000537,-0.3800000000000008,0.38219999999999743
1973-10-01,0.3999999999999986,-0.20000000000000018,-0.2999999999999998,0.34789999999999566,-1.0699999999999994,0.5250000000000057
1973-11-01,0.29999999999999716,0.20000000000000018,-0.05999999999999961,0.21540000000000248,0.6100000000000003,0.33389999999999986
1973-12-01,0.3999999999999986,0.10000000000000053,0.009999999999999787,-0.12279999999999802,-0.3799999999999999,-0.23569999999999425
1974-01-01,0.5,0.1999999999999993,0.25,-0.3138000000000005,0.3199999999999994,-0.9969999999999999
1974-02-01,0.5,0.10000000000000053,-0.03000000000000025,-0.13860000000000383,-0.6499999999999995,-0.5998000000000019
1974-03-01,0.5,-0.10000000000000053,0.25,0.006399999999999295,0.8399999999999999,-0.3392000000000053
1974-04-01,0.30000000000000426,0.0,0.2999999999999998,-0.12279999999999802,0.3700000000000001,-0.583200000000005
1974-05-01,0.5,0.0,0.07000000000000028,0.3434000000000026,-0.09999999999999964,0.3603000000000094
1974-06-01,0.3999999999999986,0.3000000000000007,-0.040000000000000036,-0.07469999999999999,-0.33000000000000007,-0.21219999999999573
1974-07-01,0.29999999999999716,0.09999999999999964,0.2699999999999996,0.07280000000000086,-0.35000000000000053,-0.2494000000000085
1974-08-01,0.6000000000000014,0.0,0.22999999999999954,-0.48570000000000135,1.410000000000001,-0.9693999999999932
1974-09-01,0.7000000000000028,0.40000000000000036,0.0,0.01279999999999859,-0.9000000000000004,-0.1758999999999986
1974-10-01,0.3999999999999986,0.09999999999999964,-0.1399999999999988,-0.14739999999999753,-0.6000000000000005,-0.7982000000000085
1974-11-01,0.5,0.5999999999999996,-0.22000000000000064,-1.4765000000000015,0.009999999999999787,-2.635300000000001
1974-12-01,0.3999999999999986,0.6000000000000005,-0.25,-1.5645000000000024,-0.3199999999999994,-3.809200000000004
1975-01-01,0.3999999999999986,0.8999999999999995,0.07000000000000028,-0.5786999999999978,-0.8900000000000006,-1.7001999999999953
1975-02-01,0.30000000000000426,0.0,-0.11000000000000032,-0.9583999999999975,-0.7599999999999998,-2.2223999999999933
1975-03-01,0.19999999999999574,0.5,0.34000000000000075,-0.4485000000000028,-0.009999999999999787,-1.106800000000007
1975-04-01,0.20000000000000284,0.20000000000000107,0.5,0.0788999999999973,0.1200000000000001,-0.1278999999999968
1975-05-01,0.10000000000000142,0.1999999999999993,-0.16999999999999993,-0.1208999999999989,-0.3799999999999999,-0.2132000000000005
1975-06-01,0.3999999999999986,-0.1999999999999993,-0.20000000000000018,0.254800000000003,0.10999999999999943,0.4882999999999953
1975-07-01,0.5,-0.20000000000000107,0.20000000000000018,0.3970999999999947,0.79,0.8787000000000091
1975-08-01,0.20000000000000284,-0.1999999999999993,0.33999999999999986,0.41790000000000305,0.3100000000000005,0.6287999999999982
1975-09-01,0.3999999999999986,0.0,0.02999999999999936,0.5366,-0.020000000000000462,1.1041999999999916
1975-10-01,0.29999999999999716,0.0,-0.28999999999999915,0.17680000000000007,-0.45999999999999996,0.24320000000000164
1975-11-01,0.3999999999999986,-0.09999999999999964,-0.08999999999999986,0.052199999999999136,-0.47999999999999954,-0.03999999999999204
1975-12-01,0.30000000000000426,-0.10000000000000142,-0.05000000000000071,0.5776000000000039,-0.040000000000000036,0.9474999999999909
1976-01-01,0.19999999999999574,-0.29999999999999893,-0.2599999999999998,0.5749999999999957,-0.5700000000000003,0.754400000000004
1976-02-01,0.10000000000000142,-0.20000000000000018,0.04999999999999982,0.42900000000000205,0.009999999999999787,0.944199999999995
1976-03-01,0.10000000000000142,-0.10000000000000053,-0.05999999999999961,0.09029999999999916,0.1200000000000001,0.07150000000000034
1976-04-01,0.10000000000000142,0.10000000000000053,-0.17000000000000082,0.22449999999999903,-0.13999999999999968,0.2820999999999998
1976-05-01,0.29999999999999716,-0.2999999999999998,0.34000000000000075,0.18410000000000082,0.33999999999999986,0.20640000000000214
1976-06-01,0.30000000000000426,0.1999999999999993,-0.040000000000000036,0.0437999999999974,0.20999999999999996,-0.10620000000000118
1976-07-01,0.29999999999999716,0.20000000000000018,-0.03000000000000025,0.25310000000000343,-0.17999999999999972,0.3885000000000076
1976-08-01,0.29999999999999716,0.0,-0.0600000000000005,0.3018999999999963,-0.09000000000000075,0.31219999999999004
1976-09-01,0.30000000000000426,-0.20000000000000018,-0.17999999999999972,0.1279000000000039,-0.05999999999999961,-0.014299999999991542
1976-10-01,0.29999999999999716,0.10000000000000053,-0.17999999999999972,0.001300000000000523,-0.16000000000000014,-0.24519999999999698
1976-11-01,0.20000000000000284,0.09999999999999964,-0.1200000000000001,0.6933999999999969,-0.16999999999999993,0.8499999999999943
1976-12-01,0.29999999999999716,0.0,-0.41999999999999993,0.47050000000000125,-0.40000000000000036,0.6162999999999954
1977-01-01,0.30000000000000426,-0.2999999999999998,0.33999999999999986,-0.29820000000000135,0.27000000000000046,-0.48619999999999663
1977-02-01,0.5999999999999943,0.09999999999999964,0.17999999999999972,0.7317999999999998,0.04999999999999982,1.2713999999999999
1977-03-01,0.30000000000000426,-0.1999999999999993,0.07000000000000028,0.5761000000000038,-0.07000000000000028,0.9462000000000046
1977-04-01,0.3999999999999986,-0.20000000000000018,-0.08999999999999986,0.4619,-0.05999999999999961,0.6792999999999978
1977-05-01,0.20000000000000284,-0.20000000000000018,0.08999999999999986,0.36489999999999867,0.41999999999999993,0.4294000000000011
1977-06-01,0.29999999999999716,0.20000000000000018,-0.17999999999999972,0.3569000000000031,0.05999999999999961,0.4830999999999932
1977-07-01,0.29999999999999716,-0.2999999999999998,0.04999999999999982,0.05239999999999867,0.17000000000000082,-0.2377999999999929
1977-08-01,0.30000000000000426,0.09999999999999964,0.07000000000000028,0.05719999999999459,0.2999999999999998,0.22639999999999816
1977-09-01,0.19999999999999574,-0.20000000000000018,-0.0600000000000005,0.20160000000000622,0.3199999999999994,-0.1710999999999956
1977-10-01,0.30000000000000426,0.0,0.17999999999999972,0.06619999999999493,0.35000000000000053,-0.0910999999999973
1977-11-01,0.3999999999999986,0.0,0.0600000000000005,0.09340000000000259,-0.0600000000000005,-0.03130000000000166
1977-12-01,0.29999999999999716,-0.39999999999999947,0.11000000000000032,0.06320000000000192,-0.02999999999999936,0.622799999999998
1978-01-01,0.4000000000000057,0.0,0.2699999999999996,-0.6998999999999995,0.3700000000000001,-1.4739000000000004
1978-02-01,0.29999999999999716,-0.10000000000000053,0.0699999999999994,0.25779999999999603,0.009999999999999787,0.08749999999999147
1978-03-01,0.3999999999999986,0.0,0.009999999999999787,0.9371000000000009,-0.16000000000000014,1.2271000000000072
1978-04-01,0.5,-0.20000000000000018,0.11000000000000121,0.9853000000000023,0.0,1.0164000000000044
1978-05-01,0.6000000000000014,-0.09999999999999964,0.1999999999999993,0.24249999999999972,0.1200000000000001,0.15269999999999584
1978-06-01,0.5,-0.09999999999999964,0.11000000000000121,0.30339999999999634,0.3200000000000003,0.3392999999999944
1978-07-01,0.5,0.2999999999999998,0.17999999999999972,-0.049299999999995237,0.27999999999999936,-0.3528999999999911
1978-08-01,0.4000000000000057,-0.2999999999999998,-0.23000000000000043,0.21640000000000015,0.07000000000000028,0.16610000000000014
1978-09-01,0.5999999999999943,0.09999999999999964,0.009999999999999787,0.14009999999999678,0.7699999999999996,0.1396000000000015
1978-10-01,0.5999999999999943,-0.20000000000000018,0.22000000000000064,0.3825000000000003,0.14000000000000057,0.31349999999999056
1978-11-01,0.4000000000000057,0.10000000000000053,0.16999999999999993,0.3907999999999987,0.6500000000000004,0.5294000000000096
1978-12-01,0.4000000000000057,0.09999999999999964,0.1999999999999993,0.2638999999999996,0.4399999999999995,0.36549999999999727
1979-01-01,0.5999999999999943,-0.09999999999999964,0.08999999999999986,-0.29650000000000176,0.2699999999999996,-0.8871000000000038
1979-02-01,0.7000000000000028,0.0,0.0,0.2569000000000017,-0.02999999999999936,0.02209999999999468
1979-03-01,0.7000000000000028,-0.10000000000000053,0.019999999999999574,0.1559999999999988,0.16000000000000014,0.16689999999999827
1979-04-01,0.6999999999999886,0.0,0.0600000000000005,-0.5959000000000003,-0.019999999999999574,-1.6483999999999952
1979-05-01,0.8000000000000114,-0.20000000000000018,0.07000000000000028,0.4368000000000052,0.14999999999999858,0.8795999999999964
1979-06-01,0.7999999999999972,0.10000000000000053,-0.33999999999999986,0.0058000000000006935,-0.5499999999999989,-0.13459999999999184
1979-07-01,0.7999999999999972,0.0,0.03999999999999915,-0.08490000000000464,0.17999999999999972,-0.165300000000002
1979-08-01,0.7000000000000028,0.2999999999999998,0.08000000000000007,-0.3264999999999958,0.27999999999999936,-1.2571999999999974
1979-09-01,0.7000000000000028,-0.09999999999999964,0.3000000000000007,-0.012399999999999523,0.7400000000000002,-0.10370000000000346
1979-10-01,0.7999999999999972,0.09999999999999964,0.9700000000000006,0.3562999999999974,1.4399999999999995,0.20170000000000243
1979-11-01,0.7999999999999972,-0.09999999999999964,0.34999999999999964,-0.07789999999999964,0.08999999999999986,-0.4496000000000038
1979-12-01,0.9000000000000057,0.09999999999999964,-0.2599999999999998,0.03990000000000293,0.25,0.04009999999999536
1980-01-01,1.0999999999999943,0.2999999999999998,0.41000000000000014,0.2686999999999955,-0.03999999999999915,0.19760000000000844
1980-02-01,1.0,0.0,1.6099999999999994,0.02640000000000242,0.8599999999999994,-0.2575000000000074
1980-03-01,1.0999999999999943,0.0,0.33999999999999986,-0.21419999999999817,2.34,-0.8795999999999964
1980-04-01,0.8000000000000114,0.6000000000000005,-1.2799999999999994,-1.0088000000000008,-2.0,-1.8232
1980-05-01,0.7999999999999972,0.5999999999999996,-1.290000000000001,-1.2660000000000053,-4.619999999999999,-2.5649999999999977
1980-06-01,0.7999999999999972,0.09999999999999964,-0.40000000000000036,-0.6331999999999951,-1.5099999999999998,-1.3965000000000032
1980-07-01,0.09999999999999432,0.20000000000000018,0.47000000000000064,-0.37530000000000285,0.9900000000000002,-0.9590999999999923
1980-08-01,0.6000000000000085,-0.09999999999999964,0.8499999999999996,0.15339999999999776,1.0700000000000003,0.3487999999999971
1980-09-01,0.7000000000000028,-0.20000000000000018,0.41000000000000014,0.8256000000000014,1.1399999999999988,1.0841999999999956
1980-10-01,0.7999999999999972,0.0,0.2400000000000002,0.6266999999999996,1.3499999999999996,1.1456000000000017
1980-11-01,0.8999999999999915,0.0,0.9299999999999997,0.8290000000000006,2.110000000000001,1.1392000000000024
1980-12-01,0.8000000000000114,-0.2999999999999998,0.16000000000000014,0.3526999999999987,1.7599999999999998,0.12369999999999948
1981-01-01,0.7999999999999972,0.2999999999999998,-0.2699999999999996,-0.3206999999999951,-0.47000000000000064,-0.5541000000000054
1981-02-01,0.7999999999999972,-0.09999999999999964,0.6199999999999992,-0.21590000000000487,-0.23000000000000043,-0.6400000000000006
1981-03-01,0.5999999999999943,0.0,-0.07000000000000028,0.2557000000000045,-1.4299999999999997,0.01490000000001146
1981-04-01,0.5,-0.20000000000000018,0.5600000000000005,-0.23550000000000182,0.33000000000000007,0.18779999999999575
1981-05-01,0.6000000000000085,0.2999999999999998,0.41999999999999993,0.29339999999999833,2.610000000000001,0.16079999999999472
1981-06-01,0.7999999999999972,0.0,-0.629999999999999,0.26020000000000465,-1.5700000000000003,-0.575499999999991
1981-07-01,1.0,-0.2999999999999998,0.8099999999999987,0.347999999999999,0.21999999999999886,-0.058400000000006
1981-08-01,0.7000000000000028,0.20000000000000018,0.6600000000000001,-0.057099999999998374,0.5600000000000005,-0.21219999999999573
1981-09-01,0.8999999999999915,0.1999999999999993,0.3800000000000008,-0.24640000000000128,-0.8100000000000005,-0.4825000000000017
1981-10-01,0.30000000000001137,0.3000000000000007,-0.16999999999999993,-0.38410000000000366,-1.1600000000000001,-0.9269000000000034
1981-11-01,0.3999999999999915,0.40000000000000036,-1.7599999999999998,-0.5936999999999983,-2.6799999999999997,-1.1333999999999946
1981-12-01,0.29999999999999716,0.1999999999999993,0.33000000000000007,-0.5384000000000029,-0.009999999999999787,-1.3892000000000024
1982-01-01,0.30000000000001137,0.09999999999999964,0.8699999999999992,-1.0171999999999954,1.4299999999999997,-1.9548000000000059
1982-02-01,0.29999999999999716,0.3000000000000007,-0.16000000000000014,0.9951000000000008,1.200000000000001,1.8662000000000063
1982-03-01,0.0,0.09999999999999964,-0.5700000000000003,-0.3432999999999993,-0.8000000000000007,-0.690100000000001
1982-04-01,0.29999999999999716,0.3000000000000007,0.009999999999999787,-0.4610000000000056,0.019999999999999574,-0.7044000000000068
1982-05-01,0.9000000000000057,0.09999999999999964,-0.25,-0.3341999999999956,-0.6099999999999994,-0.285199999999989
1982-06-01,1.0999999999999943,0.1999999999999993,0.6800000000000015,-0.13360000000000127,0.3800000000000008,-0.18840000000000146
1982-07-01,0.5,0.20000000000000107,-0.3500000000000014,-0.17009999999999792,-1.120000000000001,-0.2038000000000011
1982-08-01,0.20000000000000284,0.0,-0.8899999999999988,-0.4305000000000021,-2.67,-0.7276000000000096
1982-09-01,0.0,0.29999999999999893,-0.7200000000000006,-0.14180000000000348,-0.7599999999999998,-0.24109999999998877
1982-10-01,0.3999999999999915,0.3000000000000007,-1.4299999999999997,-0.44539999999999935,-0.20999999999999996,-0.9258000000000095
1982-11-01,-0.09999999999999432,0.40000000000000036,-0.35999999999999943,-0.14750000000000085,0.3600000000000003,-0.4341000000000008
1982-12-01,-0.29999999999999716,0.0,-0.010000000000001563,-0.3522999999999996,-0.1299999999999999,-0.29110000000000014
1983-01-01,0.20000000000000284,-0.40000000000000036,-0.0799999999999983,0.8806000000000012,-0.08000000000000007,1.5524000000000058
1983-02-01,0.09999999999999432,0.0,0.2599999999999998,-0.28699999999999903,0.2499999999999991,-0.07089999999999463
1983-03-01,0.09999999999999432,-0.09999999999999964,-0.21000000000000085,0.38920000000000243,0.2400000000000002,0.6043999999999983
1983-04-01,0.7000000000000028,-0.10000000000000142,-0.10999999999999943,0.5995999999999952,-0.1399999999999988,0.8202999999999889
1983-05-01,0.4000000000000057,-0.09999999999999964,-0.019999999999999574,0.3132000000000019,-0.02000000000000135,0.8207000000000022
1983-06-01,0.20000000000000284,0.0,0.46999999999999886,0.28419999999999845,0.5999999999999996,0.5216000000000065
1983-07-01,0.3999999999999915,-0.6999999999999993,0.5300000000000011,0.7351000000000028,0.2900000000000009,0.9966000000000008
1983-08-01,0.29999999999999716,0.09999999999999964,0.46999999999999886,0.6000999999999976,0.2599999999999998,0.6204999999999927
1983-09-01,0.30000000000001137,-0.3000000000000007,-0.1999999999999993,0.7364999999999995,-0.33999999999999986,1.3312000000000097
1983-10-01,0.3999999999999915,-0.3999999999999986,-0.11000000000000121,0.3913000000000011,-0.35999999999999943,0.7248000000000019
1983-11-01,0.29999999999999716,-0.3000000000000007,0.15000000000000036,0.22850000000000392,0.11999999999999922,0.31469999999998777
1983-12-01,0.30000000000001137,-0.1999999999999993,0.14000000000000057,0.24719999999999942,0.2400000000000002,0.10139999999999816
1984-01-01,0.6999999999999886,-0.3000000000000007,-0.16000000000000014,1.0473999999999961,-0.09999999999999964,1.3016000000000076
1984-02-01,0.5,-0.20000000000000018,0.16999999999999993,0.23700000000000188,0.1899999999999995,0.7496000000000009
1984-03-01,0.30000000000001137,0.0,0.4800000000000004,0.25719999999999743,0.4299999999999997,0.23499999999999943
1984-04-01,0.3999999999999915,-0.09999999999999964,0.3100000000000005,0.3141000000000034,0.16999999999999993,0.25549999999999784
1984-05-01,0.20000000000000284,-0.2999999999999998,0.7799999999999994,0.2809000000000026,0.14000000000000057,0.07389999999999475
1984-06-01,0.20000000000000284,-0.20000000000000018,0.15000000000000036,0.18319999999999936,0.03999999999999915,0.19670000000000698
1984-07-01,0.3999999999999915,0.2999999999999998,-0.20000000000000107,0.15629999999999455,0.25,0.1255000000000024
1984-08-01,0.30000000000001137,0.0,-0.6399999999999988,0.06490000000000151,0.3500000000000014,-0.026600000000001955
1984-09-01,0.29999999999999716,-0.20000000000000018,-0.20000000000000107,-0.1524000000000001,-0.10000000000000142,-0.47820000000000107
1984-10-01,0.3999999999999915,0.10000000000000053,-0.35999999999999943,-0.023399999999995202,-0.629999999999999,0.20430000000000348
1984-11-01,0.20000000000000284,-0.20000000000000018,-0.5899999999999999,0.1850999999999985,-1.1300000000000008,-0.02240000000000464
1984-12-01,0.20000000000000284,0.09999999999999964,-0.07000000000000028,0.033299999999997,-0.5499999999999989,-0.02370000000000516
1985-01-01,0.20000000000000284,0.0,-0.11999999999999922,-0.05299999999999727,-0.3000000000000007,-0.4268999999999892
1985-02-01,0.5999999999999943,-0.09999999999999964,0.129999999999999,0.18969999999999487,0.5099999999999998,-0.5234999999999985
1985-03-01,0.5,0.0,0.34999999999999964,0.07410000000000139,0.25,0.37599999999999056
1985-04-01,0.20000000000000284,0.09999999999999964,-0.4299999999999997,-0.09879999999999711,-0.5699999999999994,-0.4806999999999988
1985-05-01,0.20000000000000284,-0.09999999999999964,-0.5800000000000001,0.06669999999999732,-0.46999999999999975,-0.09479999999999222
1985-06-01,0.29999999999999716,0.20000000000000018,-0.6899999999999995,-0.025099999999994793,-0.5300000000000002,-0.18310000000001025
1985-07-01,0.20000000000000284,0.0,0.15000000000000036,-0.2849000000000004,0.1299999999999999,-0.5154999999999887
1985-08-01,0.20000000000000284,-0.3000000000000007,0.019999999999999574,0.18489999999999895,0.05999999999999961,0.20889999999999986
1985-09-01,0.19999999999998863,0.0,0.03999999999999915,0.21779999999999688,-0.040000000000000036,-0.0969000000000051
1985-10-01,0.4000000000000057,0.0,-0.129999999999999,-0.20289999999999964,0.0600000000000005,-0.3294999999999959
1985-11-01,0.5,-0.09999999999999964,-0.46000000000000085,0.1963000000000008,0.08000000000000007,0.40519999999999357
1985-12-01,0.5,0.0,-0.5199999999999996,0.557699999999997,-0.14000000000000057,0.1681999999999988
1986-01-01,0.4000000000000057,-0.2999999999999998,-0.07000000000000028,0.28350000000000364,-0.02999999999999936,0.8259000000000043
1986-02-01,-0.20000000000000284,0.5,-0.4900000000000002,-0.38300000000000267,-0.010000000000000675,-0.5187999999999988
1986-03-01,-0.6000000000000085,0.0,-0.919999999999999,-0.39929999999999666,-0.5,-0.35090000000001
1986-04-01,-0.3999999999999915,-0.10000000000000053,-0.4800000000000004,0.06299999999999528,-0.5,0.30450000000000443
1986-05-01,0.29999999999999716,0.10000000000000053,0.41000000000000014,0.09560000000000457,0.09000000000000075,0.041499999999999204
1986-06-01,0.4000000000000057,0.0,0.08999999999999986,-0.21070000000000277,0.05999999999999961,-0.3995999999999924
1986-07-01,0.09999999999999432,-0.20000000000000018,-0.5,0.3276000000000039,-0.3799999999999999,0.32809999999999206
1986-08-01,0.09999999999999432,-0.09999999999999964,-0.1299999999999999,-0.08800000000000097,-0.2999999999999998,0.12060000000001025
1986-09-01,0.4000000000000057,0.09999999999999964,0.28000000000000025,0.16140000000000043,-0.3200000000000003,0.1266999999999996
1986-10-01,0.20000000000000284,0.0,-0.020000000000000462,0.2306999999999988,-0.03000000000000025,0.15319999999999823
1986-11-01,0.20000000000000284,-0.09999999999999964,-0.17999999999999972,0.2062000000000026,0.16999999999999993,0.12259999999999138
1986-12-01,0.3999999999999915,-0.3000000000000007,-0.13999999999999968,0.5441000000000003,0.1800000000000006,0.6233000000000004
1987-01-01,0.6000000000000085,0.0,-0.03000000000000025,-0.21460000000000434,-0.10000000000000053,-0.46349999999999625
1987-02-01,0.3999999999999915,0.0,0.16999999999999993,0.7466000000000008,0.16000000000000014,0.9838000000000022
1987-03-01,0.4000000000000057,0.0,0.0,0.07759999999999678,0.0,-0.15730000000000643
1987-04-01,0.5,-0.2999999999999998,0.7699999999999996,0.36300000000000665,0.04999999999999982,0.25730000000000075
1987-05-01,0.29999999999999716,0.0,0.5899999999999999,0.3658000000000001,0.020000000000000462,0.34480000000000643
1987-06-01,0.5,-0.09999999999999964,-0.20999999999999908,0.3072999999999979,0.009999999999999787,0.11879999999999313
1987-07-01,0.29999999999999716,-0.10000000000000053,0.049999999999998934,0.40460000000000207,0.020000000000000462,0.42780000000000484
1987-08-01,0.5,-0.09999999999999964,0.3100000000000005,0.4303999999999988,0.34999999999999964,0.24039999999999395
1987-09-01,0.4000000000000057,-0.09999999999999964,0.6600000000000001,0.2160999999999973,0.3600000000000003,0.3667000000000087
1987-10-01,0.29999999999999716,0.09999999999999964,0.09999999999999964,0.8171000000000035,-0.27000000000000046,1.055899999999994
1987-11-01,0.4000000000000057,-0.20000000000000018,-0.6600000000000001,0.2914999999999992,-0.4399999999999995,0.3072000000000088
1987-12-01,0.19999999999998863,-0.09999999999999964,0.13000000000000078,0.3305999999999969,0.07999999999999918,0.44199999999999307
1988-01-01,0.4000000000000057,0.0,-0.3200000000000003,0.001100000000000989,0.040000000000000036,-0.2670999999999992
1988-02-01,0.20000000000000284,0.0,-0.4599999999999991,0.299199999999999,-0.14999999999999947,0.19129999999999825
1988-03-01,0.29999999999999716,0.0,0.15999999999999837,0.13739999999999952,0.040000000000000036,0.14700000000000557
1988-04-01,0.7000000000000028,-0.2999999999999998,0.3500000000000014,0.35300000000000153,0.20999999999999996,0.7010999999999967
1988-05-01,0.29999999999999716,0.1999999999999993,0.3699999999999992,-0.10820000000000363,0.34999999999999964,-0.22769999999999868
1988-06-01,0.5,-0.1999999999999993,-0.16999999999999993,0.165300000000002,0.20000000000000018,0.12049999999999272
1988-07-01,0.5,0.0,0.14000000000000057,0.006199999999999761,0.27000000000000046,-0.08429999999999893
1988-08-01,0.5,0.1999999999999993,0.1999999999999993,0.3196000000000012,0.3299999999999992,0.10439999999999827
1988-09-01,0.5,-0.1999999999999993,-0.27999999999999936,-0.19700000000000273,0.1800000000000006,0.23040000000000305
1988-10-01,0.4000000000000057,0.0,-0.17999999999999972,0.26010000000000133,0.10999999999999943,0.29120000000000346
1988-11-01,0.3999999999999915,-0.10000000000000053,0.16000000000000014,0.15559999999999974,0.41000000000000014,0.23099999999999454
1988-12-01,0.4000000000000057,0.0,0.14999999999999858,0.2809999999999988,0.3100000000000005,0.2856000000000023
1989-01-01,0.5,0.10000000000000053,-0.019999999999999574,0.18030000000000257,0.1999999999999993,0.5683999999999969
1989-02-01,0.3999999999999915,-0.20000000000000018,0.08000000000000007,-0.27420000000000044,0.2599999999999998,-0.9585000000000008
1989-03-01,0.6000000000000085,-0.20000000000000018,0.1899999999999995,0.16260000000000474,0.2900000000000009,-0.2179999999999893
1989-04-01,0.8999999999999915,0.20000000000000018,-0.17999999999999972,-0.008300000000005525,-0.16999999999999993,-0.04240000000000066
1989-05-01,0.6000000000000085,0.0,-0.3200000000000003,-0.3482999999999947,-0.22000000000000064,-0.8233000000000033
1989-06-01,0.3999999999999915,0.09999999999999964,-0.5800000000000001,-0.006000000000000227,-0.27999999999999936,-0.09260000000000446
1989-07-01,0.4000000000000057,-0.09999999999999964,-0.2599999999999998,-0.6089000000000055,-0.27000000000000046,-1.2017999999999915
1989-08-01,0.0,0.0,0.08999999999999986,0.6060000000000016,0.020000000000000462,0.5574999999999903
1989-09-01,0.29999999999999716,0.09999999999999964,0.08000000000000007,-0.19999999999999574,-0.15000000000000036,-0.3961999999999932
1989-10-01,0.6000000000000085,0.0,-0.17999999999999972,-0.07890000000000441,-0.11000000000000032,-0.42780000000000484
1989-11-01,0.5,0.10000000000000053,-0.13999999999999968,0.20219999999999771,0.05000000000000071,-0.043300000000002115
1989-12-01,0.3999999999999915,0.0,-0.03000000000000025,0.35650000000000404,-0.0600000000000005,-0.17539999999999623
1990-01-01,1.2000000000000028,0.0,0.370000000000001,-0.3171000000000035,0.009999999999999787,-0.28539999999999566
1990-02-01,0.5,-0.10000000000000053,0.2599999999999998,0.5619000000000014,0.10000000000000053,0.8933999999999997
1990-03-01,0.5999999999999943,-0.09999999999999964,0.11999999999999922,0.30049999999999955,0.16000000000000014,0.21309999999999718
1990-04-01,0.30000000000001137,0.20000000000000018,0.1999999999999993,-0.11459999999999582,-0.13000000000000078,-0.48919999999999675
1990-05-01,0.19999999999998863,0.0,-0.02999999999999936,0.16270000000000095,-0.02999999999999936,0.024999999999991473
1990-06-01,0.8000000000000114,-0.20000000000000018,-0.27999999999999936,0.21299999999999386,-0.009999999999999787,0.07800000000000296
1990-07-01,0.5999999999999943,0.2999999999999998,-0.009999999999999787,-0.09029999999999916,-0.11000000000000032,-0.36069999999999425
1990-08-01,1.0999999999999943,0.20000000000000018,0.27999999999999936,0.23669999999999902,-0.16999999999999993,0.1443000000000012
1990-09-01,0.9000000000000057,0.20000000000000018,0.14000000000000057,0.01120000000000232,-0.08999999999999986,-0.2635000000000076
1990-10-01,0.9000000000000057,0.0,-0.16999999999999993,-0.39459999999999695,-0.1900000000000004,-0.6816999999999922
1990-11-01,0.29999999999998295,0.2999999999999998,-0.33000000000000007,-0.7732000000000028,-0.11000000000000032,-1.0785000000000053
1990-12-01,0.5,0.09999999999999964,-0.3100000000000005,-0.42389999999999617,-0.3199999999999994,-0.7227999999999923
1991-01-01,0.5,0.10000000000000053,0.009999999999999787,-0.22910000000000252,-0.5200000000000005,-0.6336000000000013
1991-02-01,0.10000000000002274,0.1999999999999993,-0.2400000000000002,-0.4369000000000014,-0.27999999999999936,-0.6398000000000081
1991-03-01,0.0,0.20000000000000018,0.2599999999999998,-0.34020000000000294,-0.03000000000000025,-0.6666000000000025
1991-04-01,0.29999999999998295,-0.09999999999999964,-0.07000000000000028,0.17510000000000048,-0.2599999999999998,0.2682000000000073
1991-05-01,0.5,0.20000000000000018,0.030000000000001137,0.5968000000000018,-0.1900000000000004,0.42549999999999955
1991-06-01,0.4000000000000057,0.0,0.20999999999999908,0.4823999999999984,0.11000000000000032,0.6346999999999952
1991-07-01,0.19999999999998863,-0.10000000000000053,-0.009999999999999787,0.16690000000000538,0.009999999999999787,0.3131000000000057
1991-08-01,0.4000000000000057,0.10000000000000053,-0.3699999999999992,0.0075999999999964984,-0.25,0.008299999999991314
1991-09-01,0.4000000000000057,0.0,-0.25,0.5315999999999974,-0.11000000000000032,0.7250000000000085
1991-10-01,0.19999999999998863,0.09999999999999964,-0.1200000000000001,-0.08849999999999625,-0.22999999999999954,-0.21460000000000434
1991-11-01,0.6000000000000227,0.0,-0.11000000000000032,-0.08619999999999806,-0.4300000000000006,-0.27530000000000143
1991-12-01,0.39999999999997726,0.2999999999999998,-0.33000000000000007,-0.2711000000000041,-0.4899999999999993,-0.31860000000000355
1992-01-01,0.10000000000002274,0.0,-0.05999999999999961,-0.3254999999999981,-0.27000000000000046,-0.6084999999999923
1992-02-01,0.29999999999998295,0.10000000000000053,0.3099999999999996,0.442300000000003,0.040000000000000036,0.5236000000000018
1992-03-01,0.5,0.0,0.20000000000000018,0.505599999999994,0.20000000000000018,0.6122999999999905
1992-04-01,0.30000000000001137,0.0,-0.05999999999999961,0.47579999999999956,-0.29000000000000004,0.24570000000001357
1992-05-01,0.29999999999998295,0.1999999999999993,-0.09000000000000075,0.2027000000000001,-0.1200000000000001,0.26659999999999684
1992-06-01,0.4000000000000057,0.20000000000000018,-0.1299999999999999,0.035000000000003695,0.03000000000000025,0.05379999999999541
1992-07-01,0.4000000000000057,-0.09999999999999964,-0.41999999999999993,0.5772000000000048,-0.4500000000000002,0.5246000000000066
1992-08-01,0.30000000000001137,-0.10000000000000053,-0.25,-0.34780000000000655,-0.08000000000000007,-0.5949000000000098
1992-09-01,0.29999999999998295,0.0,-0.16999999999999993,0.19109999999999872,-0.21999999999999975,-0.09839999999999804
1992-10-01,0.5999999999999943,-0.2999999999999998,0.16999999999999993,0.4525999999999968,-0.050000000000000266,0.2997000000000014
1992-11-01,0.4000000000000057,0.10000000000000053,0.28000000000000025,0.2541000000000082,0.27,0.11769999999999925
1992-12-01,0.20000000000001705,0.0,-0.10000000000000053,0.084699999999998,0.0900000000000003,-0.2190999999999974
1993-01-01,0.5,-0.10000000000000053,-0.16999999999999993,0.272199999999998,-0.2200000000000002,0.6025999999999954
1993-02-01,0.29999999999998295,-0.20000000000000018,-0.33999999999999986,0.2956999999999965,-0.06999999999999984,0.06940000000000168
1993-03-01,0.20000000000001705,-0.09999999999999964,-0.27999999999999936,-0.05509999999999593,0.020000000000000018,-0.28189999999999316
1993-04-01,0.5,0.09999999999999964,-0.010000000000000675,0.1898000000000053,-0.08000000000000007,0.2600999999999942
1993-05-01,0.39999999999997726,0.0,0.07000000000000028,-0.2510000000000048,0.08999999999999986,-0.23229999999999507
1993-06-01,0.10000000000002274,-0.09999999999999964,-0.08000000000000007,0.14350000000000307,0.10999999999999988,-0.2242999999999995
1993-07-01,0.19999999999998863,-0.09999999999999964,-0.15000000000000036,0.1559999999999917,-0.029999999999999805,0.04719999999998947
1993-08-01,0.30000000000001137,-0.10000000000000053,-0.1299999999999999,-0.07229999999999848,-0.020000000000000018,-0.31039999999998713
1993-09-01,0.19999999999998863,-0.09999999999999964,-0.3199999999999994,0.32970000000000255,-0.06999999999999984,0.3961999999999932
1993-10-01,0.5999999999999943,0.09999999999999964,-0.03000000000000025,0.507000000000005,0.06999999999999984,0.5356000000000023
1993-11-01,0.4000000000000057,-0.20000000000000018,0.3899999999999997,0.31989999999998986,0.08000000000000007,0.231899999999996
1993-12-01,0.30000000000001137,-0.09999999999999964,0.04999999999999982,0.3568000000000069,-0.040000000000000036,0.28180000000000405
1994-01-01,0.0,0.09999999999999964,-0.019999999999999574,0.21970000000000312,-0.08000000000000007,-0.1016000000000048
1994-02-01,0.39999999999997726,0.0,0.21999999999999975,0.04639999999999134,0.27,-0.07030000000000314
1994-03-01,0.4000000000000057,-0.09999999999999964,0.5100000000000007,0.6732000000000085,0.25,0.8341000000000065
1994-04-01,0.09999999999999432,-0.09999999999999964,0.4899999999999993,0.41140000000000043,0.18000000000000016,0.48969999999999914
1994-05-01,0.30000000000001137,-0.3000000000000007,0.20999999999999996,0.3229999999999933,0.4599999999999995,0.23520000000000607
1994-06-01,0.4000000000000057,0.0,-0.08000000000000007,0.44720000000000937,0.0,-0.03140000000000498
1994-07-01,0.5,0.0,0.20000000000000018,0.09279999999999688,0.1900000000000004,0.026299999999991996
1994-08-01,0.5999999999999943,-0.09999999999999964,-0.05999999999999961,0.4538000000000011,0.15000000000000036,0.4351000000000056
1994-09-01,0.30000000000001137,-0.09999999999999964,0.21999999999999975,0.22299999999999898,0.13999999999999968,0.05660000000000309
1994-10-01,0.09999999999999432,-0.10000000000000053,0.28000000000000025,0.5429999999999922,0.33000000000000007,0.4671999999999912
1994-11-01,0.4000000000000057,-0.20000000000000018,0.21999999999999975,0.473700000000008,0.33999999999999986,0.36250000000001137
1994-12-01,0.29999999999998295,-0.09999999999999964,-0.15000000000000036,0.718199999999996,0.3099999999999996,0.5848999999999904
1995-01-01,0.4000000000000057,0.09999999999999964,-0.02999999999999936,0.12199999999999989,0.11000000000000032,-0.17659999999999343
1995-02-01,0.4000000000000057,-0.1999999999999993,-0.3100000000000005,-0.10460000000000491,0.05999999999999961,-0.5507000000000062
1995-03-01,0.29999999999998295,0.0,-0.2699999999999996,0.11350000000000193,-0.03999999999999915,-0.09609999999999275
1995-04-01,0.6000000000000227,0.39999999999999947,-0.14000000000000057,-0.10229999999999961,-0.08000000000000007,-0.5760999999999967
1995-05-01,0.29999999999998295,-0.20000000000000018,-0.4299999999999997,0.330600000000004,0.019999999999999574,-0.056000000000011596
1995-06-01,0.30000000000001137,0.0,-0.45999999999999996,0.23319999999999652,-0.20000000000000018,0.03170000000000073
1995-07-01,0.19999999999998863,0.10000000000000053,0.11000000000000032,-0.31560000000000343,-0.04999999999999982,-0.9438999999999993
1995-08-01,0.30000000000001137,0.0,0.20999999999999996,0.9442000000000093,-0.019999999999999574,0.5765999999999991
1995-09-01,0.19999999999998863,-0.10000000000000053,-0.29000000000000004,0.3027000000000015,-0.1200000000000001,0.386800000000008
1995-10-01,0.4000000000000057,-0.09999999999999964,-0.16000000000000014,-0.11469999999999914,0.0,-0.5071000000000083
1995-11-01,0.19999999999998863,0.09999999999999964,-0.11000000000000032,0.1688999999999936,0.08000000000000007,-0.35419999999999163
1995-12-01,0.20000000000001705,0.0,-0.21999999999999975,0.2716000000000065,-0.22000000000000064,-0.12409999999999854
1996-01-01,0.799999999999983,0.0,-0.05999999999999961,-0.4131,-0.13999999999999968,-0.9758000000000067
1996-02-01,0.30000000000001137,-0.09999999999999964,0.15999999999999925,1.053299999999993,-0.16999999999999993,0.7468000000000075
1996-03-01,0.5,0.0,0.45999999999999996,-0.10039999999999338,0.1299999999999999,-0.618700000000004
1996-04-01,0.5999999999999943,0.09999999999999964,0.2400000000000002,0.7605999999999966,-0.009999999999999787,0.5840999999999923
1996-05-01,0.30000000000001137,0.0,0.23000000000000043,0.5348000000000042,0.0699999999999994,0.16900000000001114
1996-06-01,0.29999999999998295,-0.2999999999999998,0.16999999999999993,0.5689999999999884,0.07000000000000028,0.3230999999999966
1996-07-01,0.30000000000001137,0.20000000000000018,-0.040000000000000036,-9.99999999891088e-05,0.0600000000000005,-0.08849999999999625
1996-08-01,0.19999999999998863,-0.40000000000000036,-0.23000000000000043,0.3686000000000007,-0.10000000000000053,-0.08190000000000452
1996-09-01,0.5,0.10000000000000053,0.1900000000000004,0.5083999999999946,0.040000000000000036,0.22740000000000293
1996-10-01,0.5,0.0,-0.2999999999999998,-0.02970000000000539,-0.09999999999999964,-0.5472000000000037
1996-11-01,0.5,0.20000000000000018,-0.33000000000000007,0.6831000000000103,0.040000000000000036,0.27540000000000475
1996-12-01,0.4000000000000057,0.0,0.09999999999999964,0.4848999999999961,-0.1200000000000001,0.24859999999999616
1997-01-01,0.30000000000001137,-0.10000000000000053,0.28000000000000025,0.13689999999999714,0.1200000000000001,-0.3451000000000022
1997-02-01,0.29999999999998295,-0.09999999999999964,-0.16000000000000014,0.9282000000000039,-0.020000000000000462,0.6809000000000083
1997-03-01,0.10000000000002274,0.0,0.27000000000000046,0.4753000000000043,0.1299999999999999,0.30299999999999727
1997-04-01,0.09999999999999432,-0.10000000000000053,0.1999999999999993,0.07179999999999609,0.020000000000000462,-0.5542999999999978
1997-05-01,0.0,-0.1999999999999993,-0.17999999999999972,0.42659999999999343,-0.11000000000000032,0.07839999999998781
1997-06-01,0.29999999999998295,0.09999999999999964,-0.21999999999999975,0.36350000000000193,-0.1200000000000001,0.008700000000004593
1997-07-01,0.20000000000001705,-0.09999999999999964,-0.27000000000000046,0.6432999999999964,0.1200000000000001,0.07340000000000657
1997-08-01,0.4000000000000057,-0.10000000000000053,0.08000000000000007,0.8321000000000112,0.08999999999999986,0.4756
1997-09-01,0.39999999999997726,0.10000000000000053,-0.08999999999999986,0.7902999999999878,-0.1899999999999995,0.22050000000000125
1997-10-01,0.30000000000001137,-0.20000000000000018,-0.17999999999999972,0.7042000000000002,0.019999999999999574,0.144299999999987
1997-11-01,0.19999999999998863,-0.10000000000000053,-0.15000000000000036,0.6470000000000056,0.16999999999999993,0.19120000000000914
1997-12-01,0.10000000000002274,0.10000000000000053,-0.07000000000000028,0.3796999999999997,0.020000000000000462,-0.15099999999999625
1998-01-01,0.19999999999998863,-0.10000000000000053,-0.2699999999999996,0.37820000000000675,-0.1200000000000001,0.012899999999987699
1998-02-01,0.0,0.0,0.03000000000000025,0.12959999999999638,0.04999999999999982,-0.48679999999998813
1998-03-01,0.0,0.10000000000000053,0.08000000000000007,0.02750000000000341,-0.05999999999999961,-0.7530000000000001
1998-04-01,0.19999999999998863,-0.40000000000000036,-0.010000000000000675,0.3142999999999887,-0.08000000000000007,-0.1910000000000025
1998-05-01,0.4000000000000057,0.10000000000000053,0.010000000000000675,0.5302000000000078,0.04999999999999982,-0.16140000000000043
1998-06-01,0.20000000000001705,0.09999999999999964,-0.15000000000000036,-0.5148999999999972,-0.019999999999999574,-1.1645000000000039
1998-07-01,0.39999999999997726,0.0,-0.040000000000000036,-0.3316000000000088,-0.020000000000000462,-0.8491999999999962
1998-08-01,0.20000000000001705,0.0,-0.1200000000000001,1.7519000000000062,-0.05999999999999961,1.460099999999997
1998-09-01,0.09999999999999432,0.09999999999999964,-0.5300000000000002,-0.08960000000000434,-0.29000000000000004,-0.5833999999999975
1998-10-01,0.4000000000000057,-0.09999999999999964,-0.27999999999999936,0.6479999999999961,-0.6500000000000004,0.29819999999999425
1998-11-01,0.19999999999998863,-0.09999999999999964,0.2999999999999998,-0.07620000000000005,0.4500000000000002,-0.33729999999999905
1998-12-01,0.30000000000001137,0.0,-0.17999999999999972,0.35090000000001,-0.020000000000000462,0.05339999999999634
1999-01-01,0.29999999999998295,-0.10000000000000053,0.0699999999999994,0.3842999999999961,-0.04999999999999982,-0.19089999999999918
1999-02-01,0.0,0.10000000000000053,0.28000000000000025,0.4941000000000031,0.10000000000000053,0.3008999999999986
1999-03-01,0.10000000000002274,-0.20000000000000018,0.23000000000000043,0.1688999999999936,0.0,-0.4029999999999916
1999-04-01,1.0999999999999943,0.09999999999999964,-0.05000000000000071,0.19599999999999795,-0.15000000000000036,-0.09470000000000312
1999-05-01,0.09999999999999432,-0.09999999999999964,0.3600000000000003,0.5500000000000114,0.20999999999999996,0.2939000000000078
1999-06-01,0.0,0.09999999999999964,0.3600000000000003,-0.06450000000000955,0.07000000000000028,-0.5479000000000127
1999-07-01,0.6999999999999886,0.0,-0.11000000000000032,0.5353000000000065,-0.020000000000000462,0.003200000000006753
1999-08-01,0.4000000000000057,-0.09999999999999964,0.15000000000000036,0.38289999999999225,0.16999999999999993,0.1565999999999974
1999-09-01,0.700000000000017,0.0,-0.020000000000000462,-0.4024000000000001,-0.040000000000000036,-0.6871000000000009
1999-10-01,0.29999999999998295,-0.10000000000000053,0.1900000000000004,1.1765000000000043,0.1800000000000006,0.8571000000000026
1999-11-01,0.30000000000001137,0.0,-0.08000000000000007,0.4712999999999994,0.20999999999999996,0.21750000000000114
1999-12-01,0.4000000000000057,-0.09999999999999964,0.25,0.7005999999999943,0.1299999999999999,0.21389999999999532
2000-01-01,0.5,0.0,0.3799999999999999,-0.050199999999989586,0.1200000000000001,-0.30469999999999686
2000-02-01,0.6999999999999886,0.09999999999999964,-0.14000000000000057,0.3329999999999984,0.22999999999999954,-0.10670000000000357
2000-03-01,1.0,-0.09999999999999964,-0.2599999999999998,0.34609999999999275,0.14000000000000057,0.1717000000000013
2000-04-01,-0.09999999999999432,-0.20000000000000018,-0.2699999999999996,0.5885999999999996,-0.03000000000000025,0.1886999999999972
2000-05-01,0.29999999999998295,0.20000000000000018,0.4500000000000002,0.2807999999999993,0.1299999999999999,-0.3101999999999947
2000-06-01,1.0,0.0,-0.34000000000000075,0.04810000000000514,-0.09999999999999964,-0.1992000000000047
2000-07-01,0.5,0.0,-0.04999999999999982,-0.18680000000000518,0.2699999999999996,-0.27189999999998804
2000-08-01,0.0,0.09999999999999964,-0.21999999999999975,-0.24029999999999063,0.1299999999999999,-0.8340000000000032
2000-09-01,0.9000000000000057,-0.19999999999999973,-0.03000000000000025,0.3896000000000015,-0.08999999999999986,0.07789999999999964
2000-10-01,0.30000000000001137,0.0,-0.05999999999999961,-0.35139999999999816,0.11000000000000032,-0.6222000000000065
2000-11-01,0.29999999999998295,0.0,-0.020000000000000462,0.011799999999993815,0.05999999999999961,-0.5315999999999974
2000-12-01,0.4000000000000057,0.0,-0.47999999999999954,-0.27490000000000236,-0.40000000000000036,-0.7421999999999969
2001-01-01,1.0,0.30000000000000027,-0.08000000000000007,-0.5334000000000003,-0.6199999999999992,-0.6663999999999959
2001-02-01,0.4000000000000057,0.0,-0.0600000000000005,-0.6240999999999985,-0.27000000000000046,-0.8042000000000087
2001-03-01,0.09999999999999432,0.09999999999999964,-0.20999999999999996,-0.22459999999999525,-0.45999999999999996,-0.42260000000000275
2001-04-01,0.30000000000001137,0.10000000000000053,0.25,-0.28470000000000084,-0.5499999999999998,-0.502200000000002
2001-05-01,0.9000000000000057,-0.10000000000000053,0.25,-0.5384999999999991,-0.25,-0.6876999999999924
2001-06-01,0.39999999999997726,0.20000000000000018,-0.10999999999999943,-0.5013000000000005,-0.1299999999999999,-0.6437999999999988
2001-07-01,-0.29999999999998295,0.09999999999999964,-0.040000000000000036,-0.5544000000000011,0.019999999999999574,-0.5504999999999995
2001-08-01,0.0,0.3000000000000007,-0.27000000000000046,-0.0940000000000083,-0.1499999999999999,-0.4701000000000022
2001-09-01,0.6999999999999886,0.09999999999999964,-0.23999999999999932,-0.45759999999999934,-0.7199999999999998,-0.40340000000000487
2001-10-01,-0.5,0.2999999999999998,-0.16000000000000014,-0.2896999999999963,-0.48,-0.450499999999991
2001-11-01,-0.09999999999999432,0.20000000000000018,0.08000000000000007,-0.530699999999996,-0.29000000000000004,-0.377200000000002
2001-12-01,-0.09999999999999432,0.20000000000000018,0.4399999999999995,-0.016100000000008663,-0.18000000000000016,0.07089999999999463
2002-01-01,0.29999999999998295,0.0,-0.04999999999999982,0.5808999999999997,-0.040000000000000036,0.3546000000000049
2002-02-01,0.30000000000001137,0.0,-0.1299999999999999,0.0017000000000138016,0.07000000000000006,-0.07850000000000534
2002-03-01,0.5,0.0,0.3700000000000001,0.6900999999999868,0.07000000000000006,0.4665000000000106
2002-04-01,0.8000000000000114,0.20000000000000018,-0.07000000000000028,0.4309000000000083,-0.08000000000000007,0.1799999999999926
2002-05-01,0.19999999999998863,-0.10000000000000053,-0.04999999999999982,0.36959999999999127,0.020000000000000018,0.33490000000000464
2002-06-01,0.09999999999999432,0.0,-0.23000000000000043,0.7449000000000012,-0.030000000000000027,0.6992999999999938
2002-07-01,0.4000000000000057,0.0,-0.27999999999999936,-0.03170000000000073,-0.020000000000000018,-0.08809999999999718
2002-08-01,0.5,-0.09999999999999964,-0.39000000000000057,-0.0910999999999973,-0.05999999999999983,0.059799999999995634
2002-09-01,0.30000000000001137,0.0,-0.3899999999999997,0.10810000000000741,0.009999999999999787,0.05729999999999791
2002-10-01,0.39999999999997726,0.0,0.06999999999999984,-0.26420000000000243,-0.04999999999999982,-0.26729999999999166
2002-11-01,0.30000000000001137,0.20000000000000018,0.10999999999999988,0.5076999999999998,-0.3500000000000001,0.3768000000000029
2002-12-01,0.30000000000001137,0.09999999999999964,-0.019999999999999574,-0.49920000000000186,-0.040000000000000036,-0.42200000000001125
2003-01-01,0.799999999999983,-0.20000000000000018,0.019999999999999574,0.747799999999998,-0.020000000000000018,0.5827000000000027
2003-02-01,1.0,0.10000000000000053,-0.1499999999999999,0.10880000000000223,0.0,-0.08769999999999811
2003-03-01,0.30000000000001137,0.0,-0.08999999999999986,-0.27299999999999613,-0.040000000000000036,0.04949999999999477
2003-04-01,-0.700000000000017,0.09999999999999964,0.1499999999999999,-0.5762,0.0,-0.5522999999999882
2003-05-01,-0.29999999999998295,0.09999999999999964,-0.3900000000000001,-0.028500000000008185,-0.05999999999999983,0.030199999999993565
2003-06-01,0.19999999999998863,0.20000000000000018,-0.23999999999999977,0.120900000000006,-0.15000000000000002,0.34539999999999793
2003-07-01,0.5999999999999943,-0.09999999999999964,0.6499999999999999,0.4655999999999949,-0.020000000000000018,0.24960000000000093
2003-08-01,0.8000000000000114,-0.10000000000000053,0.4700000000000002,-0.19089999999999918,0.04999999999999993,-0.31619999999999493
2003-09-01,0.5999999999999943,0.0,-0.1800000000000006,0.6235999999999962,-0.010000000000000009,0.6640999999999906
2003-10-01,-0.19999999999998863,-0.09999999999999964,0.020000000000000462,0.10170000000000812,-0.019999999999999907,0.09010000000000673
2003-11-01,0.09999999999999432,-0.20000000000000018,0.009999999999999787,0.6132999999999953,0.010000000000000009,0.6486000000000018
2003-12-01,0.5,-0.09999999999999964,-0.03000000000000025,0.051400000000001,-0.030000000000000027,-0.0075999999999964984
2004-01-01,0.8000000000000114,0.0,-0.11999999999999922,0.1624000000000052,-0.020000000000000018,-0.034200000000012665
2004-02-01,0.39999999999997726,-0.10000000000000053,-0.07000000000000028,0.5448999999999984,0.050000000000000044,0.5803000000000083
2004-03-01,0.4000000000000057,0.20000000000000018,-0.25,-0.36889999999999645,0.009999999999999898,0.00560000000000116
2004-04-01,0.30000000000001137,-0.20000000000000018,0.5199999999999996,0.38519999999999754,0.0,0.2856999999999914
2004-05-01,0.799999999999983,0.0,0.3700000000000001,0.6714999999999947,0.08000000000000007,0.5579000000000036
2004-06-01,0.700000000000017,0.0,0.010000000000000675,-0.729299999999995,0.25,-0.5071999999999974
2004-07-01,0.19999999999998863,-0.09999999999999964,-0.23000000000000043,0.6968999999999994,0.06000000000000005,0.6768000000000001
2004-08-01,0.09999999999999432,-0.09999999999999964,-0.21999999999999975,0.0870000000000033,0.1499999999999999,0.34080000000000155
2004-09-01,0.6000000000000227,0.0,-0.15000000000000036,0.08769999999999811,0.16999999999999993,-0.043300000000002115
2004-10-01,1.0,0.09999999999999964,-0.03000000000000025,0.8618999999999915,0.1100000000000001,0.6841000000000008
2004-11-01,0.8999999999999773,-0.09999999999999964,0.09000000000000075,0.23669999999999902,0.30999999999999983,-0.07110000000000127
2004-12-01,0.0,0.0,0.040000000000000036,0.7054000000000116,0.1200000000000001,0.48329999999999984
2005-01-01,-0.09999999999999432,-0.10000000000000053,-0.010000000000000675,0.37309999999999377,0.14000000000000012,0.41570000000000107
2005-02-01,0.8000000000000114,0.10000000000000053,-0.04999999999999982,0.7035999999999945,0.20999999999999996,0.5625
2005-03-01,0.6999999999999886,-0.20000000000000018,0.33000000000000007,-0.14749999999999375,0.20000000000000018,-0.5250999999999948
2005-04-01,0.5999999999999943,0.0,-0.16000000000000014,0.19129999999999825,0.03999999999999959,0.17980000000000018
2005-05-01,-0.09999999999999432,-0.10000000000000053,-0.20000000000000018,0.09839999999999804,0.06000000000000005,0.07609999999999673
2005-06-01,0.09999999999999432,-0.09999999999999964,-0.13999999999999968,0.3907999999999987,0.13000000000000034,-0.05100000000000193
2005-07-01,1.200000000000017,0.0,0.17999999999999972,-0.31049999999999045,0.25,-0.4358000000000004
2005-08-01,1.1999999999999886,-0.09999999999999964,0.08000000000000007,0.34309999999999263,0.21999999999999975,0.28190000000000737
2005-09-01,2.700000000000017,0.09999999999999964,-0.05999999999999961,-1.8765999999999963,-0.020000000000000018,-1.0087000000000046
2005-10-01,0.29999999999998295,0.0,0.2599999999999998,1.1354999999999933,0.29000000000000004,0.9466000000000037
2005-11-01,-1.0,0.0,0.08000000000000007,1.0290999999999997,0.16999999999999993,0.5314999999999941
2005-12-01,0.0,-0.09999999999999964,-0.07000000000000028,0.5372000000000128,0.010000000000000231,-0.06610000000000582
2006-01-01,1.200000000000017,-0.20000000000000018,-0.04999999999999982,0.12449999999999761,0.3500000000000001,0.504800000000003
2006-02-01,0.09999999999999432,0.09999999999999964,0.15000000000000036,0.005899999999996908,0.1899999999999995,-0.37709999999999866
2006-03-01,0.29999999999998295,-0.09999999999999964,0.14999999999999947,0.25029999999999575,0.08000000000000007,-0.11459999999999582
2006-04-01,1.0,0.0,0.27000000000000046,0.31270000000000664,0.08999999999999986,0.18489999999999895
2006-05-01,0.6000000000000227,-0.10000000000000053,0.1200000000000001,-0.004300000000000637,0.1200000000000001,-0.34019999999999584
2006-06-01,0.5,0.0,0.0,0.3091000000000008,0.07000000000000028,0.07620000000000005
2006-07-01,1.0999999999999943,0.10000000000000053,-0.020000000000000462,-0.061700000000001864,0.16000000000000014,-0.4125000000000085
2006-08-01,0.9000000000000057,0.0,-0.20999999999999996,0.43420000000000414,0.009999999999999787,0.41960000000000264
2006-09-01,-1.0,-0.20000000000000018,-0.16000000000000014,-0.1681999999999988,-0.15000000000000036,-0.09310000000000684
2006-10-01,-0.9000000000000057,-0.09999999999999964,0.010000000000000675,-0.12020000000001119,0.11000000000000032,-0.5523999999999916
2006-11-01,0.09999999999999432,0.09999999999999964,-0.13000000000000078,-0.055499999999995,0.020000000000000462,-0.10190000000000055
2006-12-01,1.0999999999999943,-0.09999999999999964,-0.040000000000000036,1.0150000000000006,-0.09000000000000075,0.9432999999999936
2007-01-01,0.3370000000000175,0.1999999999999993,0.20000000000000018,-0.3926000000000016,0.13000000000000078,-0.5300000000000011
2007-02-01,0.7889999999999873,-0.09999999999999964,-0.040000000000000036,0.9496000000000038,0.04999999999999982,0.028600000000011505
2007-03-01,1.0620000000000118,-0.09999999999999964,-0.16000000000000014,0.2160999999999973,-0.08999999999999986,0.4585000000000008
2007-04-01,0.6159999999999854,0.09999999999999964,0.13000000000000078,0.7240000000000038,-0.07000000000000028,0.31939999999998747
2007-05-01,0.8509999999999991,-0.09999999999999964,0.05999999999999961,0.06510000000000105,-0.13999999999999968,-0.28009999999999025
2007-06-01,0.4790000000000134,0.1999999999999993,0.34999999999999964,0.02759999999999252,-0.1200000000000001,0.06289999999999907
2007-07-01,0.3689999999999998,0.10000000000000053,-0.09999999999999964,-0.1214999999999975,0.20999999999999996,-0.21049999999999613
2007-08-01,0.06399999999999295,-0.10000000000000053,-0.33000000000000007,0.242999999999995,-0.6200000000000001,-0.38470000000000937
2007-09-01,0.8799999999999955,0.10000000000000053,-0.15000000000000036,0.2383999999999986,-0.31000000000000005,0.08330000000000837
2007-10-01,0.6430000000000007,0.0,0.010000000000000675,-0.3149999999999977,0.009999999999999787,-0.2722000000000122
2007-11-01,1.6440000000000055,0.0,-0.3799999999999999,0.5844000000000023,-0.6299999999999999,0.32750000000000057
2007-12-01,0.61099999999999,0.2999999999999998,-0.05000000000000071,-0.009599999999991837,-0.27,-0.009499999999988518
2008-01-01,0.7290000000000134,0.0,-0.35999999999999943,-0.14730000000000132,-0.25,-0.2225999999999999
2008-02-01,0.5130000000000052,-0.09999999999999964,0.0,-0.37640000000000384,-0.6299999999999999,-0.5484000000000009
2008-03-01,0.7609999999999957,0.1999999999999993,-0.23000000000000043,-0.347999999999999,-0.8600000000000001,-0.3148000000000053
2008-04-01,0.4939999999999998,-0.09999999999999964,0.17000000000000037,-0.6805999999999983,0.030000000000000027,-0.718199999999996
2008-05-01,1.2659999999999911,0.40000000000000036,0.19999999999999973,-0.6025000000000063,0.43999999999999995,-0.38569999999999993
2008-06-01,2.2549999999999955,0.1999999999999993,0.21999999999999975,-0.2219999999999942,0.13000000000000012,-0.4438999999999993
2008-07-01,1.5529999999999973,0.20000000000000018,-0.08999999999999986,-0.47290000000000987,-0.2300000000000002,-0.7246000000000095
2008-08-01,-0.3259999999999934,0.2999999999999998,-0.11999999999999966,-1.5522999999999882,0.09000000000000008,-0.8393999999999977
2008-09-01,0.18700000000001182,0.0,-0.20000000000000018,-4.215000000000003,-0.5900000000000001,-2.412399999999991
2008-10-01,-1.882000000000005,0.40000000000000036,0.1200000000000001,0.8584999999999923,-0.45999999999999985,-0.38520000000001176
2008-11-01,-3.842000000000013,0.2999999999999998,-0.28000000000000025,-1.2299000000000007,-0.48000000000000004,-1.6925999999999988
2008-12-01,-1.7549999999999955,0.5,-1.1099999999999999,-2.648699999999991,-0.16,-2.246600000000001
2009-01-01,0.5349999999999966,0.5,0.10000000000000009,-2.2420000000000044,0.1,-2.0663999999999874
2009-02-01,0.7720000000000198,0.5000000000000009,0.3500000000000001,-0.5760999999999967,0.16999999999999998,0.0005999999999914962
2009-03-01,-0.21000000000000796,0.3999999999999986,-0.050000000000000266,-1.4024,-0.09,-1.1311999999999927
2009-04-01,0.21399999999999864,0.3000000000000007,0.11000000000000032,-0.6638999999999982,-0.04999999999999999,-0.34560000000000457
2009-05-01,0.3129999999999882,0.40000000000000036,0.3599999999999999,-0.8770999999999987,0.01999999999999999,-0.610599999999998
2009-06-01,1.7680000000000007,0.09999999999999964,0.43000000000000016,-0.27940000000000964,0.0,-0.07120000000000459
2009-07-01,-0.06399999999999295,0.0,-0.16000000000000014,0.9630000000000081,0.0,1.0826000000000064
2009-08-01,0.7189999999999941,0.09999999999999964,0.029999999999999805,0.962299999999999,-0.009999999999999981,0.7809999999999917
2009-09-01,0.4159999999999968,0.20000000000000107,-0.18999999999999995,0.6978000000000009,-0.05000000000000002,0.7105000000000103
2009-10-01,0.6479999999999961,0.1999999999999993,-0.009999999999999787,0.2522999999999911,-0.04999999999999999,0.16459999999999297
2009-11-01,0.7250000000000227,-0.09999999999999964,0.009999999999999787,0.34660000000000935,-0.020000000000000004,0.751499999999993
2009-12-01,0.11299999999999955,0.0,0.18999999999999995,0.2757999999999896,0.0,-0.012999999999991019
2010-01-01,0.14099999999999113,-0.09999999999999964,0.14000000000000012,0.9925000000000068,0.009999999999999995,0.8036999999999921
2010-02-01,-0.20699999999999363,0.0,-0.040000000000000036,0.2904000000000053,0.05,0.03480000000000416
2010-03-01,0.07200000000000273,0.09999999999999964,0.040000000000000036,0.6647999999999996,0.039999999999999994,0.9839000000000055
2010-04-01,0.04999999999998295,0.0,0.1200000000000001,0.3392999999999944,0.010000000000000009,0.6936999999999927
2010-05-01,-0.11299999999999955,-0.3000000000000007,-0.43000000000000016,1.2558000000000078,0.0,1.024799999999999
2010-06-01,-0.09099999999997976,-0.1999999999999993,-0.21999999999999975,0.1822999999999979,-0.04000000000000001,0.11010000000000275
2010-07-01,0.4059999999999775,0.0,-0.1900000000000004,0.3896999999999906,0.04000000000000001,0.5169999999999959
2010-08-01,0.31800000000001205,0.09999999999999964,-0.3099999999999996,0.31510000000000105,0.0,0.2038000000000011
2010-09-01,0.35200000000000387,0.0,-0.050000000000000266,0.21340000000000714,-0.010000000000000009,0.12690000000000623
2010-10-01,0.7599999999999909,-0.09999999999999964,-0.10999999999999988,-0.2137000000000029,-0.01999999999999999,0.17489999999999384
2010-11-01,0.5550000000000068,0.40000000000000036,0.21999999999999975,0.04200000000000159,0.010000000000000009,0.20589999999999975
2010-12-01,0.882000000000005,-0.5,0.5300000000000002,0.8956999999999908,0.0,0.42780000000000484
2011-01-01,0.7150000000000034,-0.20000000000000107,0.10000000000000009,-0.1723999999999961,0.009999999999999981,0.13360000000000127
2011-02-01,0.7109999999999843,-0.09999999999999964,0.18999999999999995,-0.41509999999999536,-0.01999999999999999,0.18999999999999773
2011-03-01,1.1479999999999961,0.0,-0.16999999999999993,0.9626999999999981,-0.03,0.5101999999999975
2011-04-01,1.046999999999997,0.09999999999999964,0.04999999999999982,-0.32330000000000325,-0.04000000000000001,-0.3511999999999915
2011-05-01,0.7130000000000223,-0.09999999999999964,-0.29000000000000004,0.14790000000000703,-0.019999999999999997,0.039299999999997226
2011-06-01,0.0,0.09999999999999964,-0.16999999999999993,0.2353999999999985,0.0,0.07410000000000139
2011-07-01,0.5889999999999986,-0.09999999999999964,0.0,0.5036999999999949,0.0,0.43889999999998963
2011-08-01,0.7109999999999843,0.0,-0.7000000000000002,0.5724000000000018,-0.02,0.31460000000001287
2011-09-01,0.49100000000001387,0.0,-0.31999999999999984,-0.07500000000000284,-0.01,0.15509999999999025
2011-10-01,0.1529999999999916,-0.1999999999999993,0.16999999999999993,0.6047000000000082,0.01,0.3178000000000054
2011-11-01,0.41900000000001114,-0.20000000000000107,-0.14000000000000012,0.04049999999999443,-0.01,-0.18479999999999563
2011-12-01,0.054000000000002046,-0.09999999999999964,-0.029999999999999805,0.47400000000000375,0.0,0.42079999999999984
2012-01-01,0.6189999999999998,-0.1999999999999993,-0.010000000000000009,0.5724999999999909,0.019999999999999997,0.5503999999999962
2012-02-01,0.48699999999999477,0.0,0.0,0.2738000000000085,0.06,0.17279999999999518
2012-03-01,0.4779999999999802,-0.10000000000000142,0.19999999999999996,-0.4796000000000049,-0.009999999999999995,-0.46110000000000184
2012-04-01,0.3800000000000239,0.0,-0.1200000000000001,0.7425000000000068,0.0,0.31390000000000384
2012-05-01,-0.47400000000001796,0.0,-0.24999999999999978,0.1529999999999916,0.009999999999999995,-0.37349999999999284
2012-06-01,-0.18899999999999295,0.0,-0.17999999999999994,-0.00919999999999277,0.0,0.10739999999999839
2012-07-01,0.0660000000000025,0.0,-0.09000000000000008,0.22090000000000032,0.010000000000000009,-0.23440000000000794
2012-08-01,1.328000000000003,-0.09999999999999964,0.1499999999999999,-0.3944000000000045,0.0,-0.1863000000000028
2012-09-01,1.09699999999998,-0.2999999999999998,0.040000000000000036,-0.05469999999999686,0.009999999999999995,-0.23239999999999839
2012-10-01,0.6230000000000189,0.0,0.030000000000000027,0.3049000000000035,-0.009999999999999995,-0.2219999999999942
2012-11-01,-0.38900000000001,-0.09999999999999964,-0.10000000000000009,0.4492999999999938,-0.010000000000000009,0.40800000000000125
2012-12-01,-0.027999999999991587,0.20000000000000018,0.07000000000000006,0.22849999999999682,-0.01999999999999999,0.4472999999999985
2013-01-01,0.4579999999999984,0.09999999999999964,0.18999999999999995,-0.04579999999999984,0.0,-0.26659999999999684
2013-02-01,1.2580000000000098,-0.2999999999999998,0.07000000000000006,0.47939999999999827,0.03,0.262999999999991
2013-03-01,-0.6550000000000011,-0.20000000000000018,-0.020000000000000018,0.41390000000001237,-0.010000000000000009,-0.0910999999999973
2013-04-01,-0.48500000000001364,0.09999999999999964,-0.19999999999999996,-0.06700000000000728,-0.03,-0.2587000000000046
2013-05-01,0.09600000000000364,-0.09999999999999964,0.16999999999999993,0.07989999999999498,-0.019999999999999997,0.19660000000000366
2013-06-01,0.5519999999999925,0.0,0.3699999999999999,0.13390000000001123,0.010000000000000002,0.08769999999999811
2013-07-01,0.4550000000000125,-0.20000000000000018,0.28000000000000025,-0.2861000000000047,-0.010000000000000002,-0.5712999999999937
2013-08-01,0.5559999999999832,-0.09999999999999964,0.16000000000000014,0.5792000000000002,0.0,0.6400000000000006
2013-09-01,0.08800000000002228,0.0,0.06999999999999984,0.5571999999999946,-0.02,0.07620000000000005
2013-10-01,0.125,0.0,-0.18999999999999995,-0.14000000000000057,0.030000000000000002,0.08449999999999136
2013-11-01,0.4309999999999832,-0.2999999999999998,0.10000000000000009,0.2593999999999994,0.020000000000000004,0.016200000000011983
2013-12-01,0.6189999999999998,-0.20000000000000018,0.17999999999999972,0.18959999999999866,0.0,-0.11420000000001096
2014-01-01,0.5690000000000168,-0.10000000000000053,-0.040000000000000036,-0.3277999999999963,-0.030000000000000006,-0.74969999999999
2014-02-01,0.25899999999998613,0.10000000000000053,-0.1499999999999999,0.7537999999999982,0.010000000000000002,0.7228999999999957
2014-03-01,0.48099999999999454,0.0,0.010000000000000231,0.9864000000000033,0.0,0.6706999999999965
2014-04-01,0.4399999999999977,-0.5,-0.010000000000000231,0.055499999999995,-0.020000000000000004,0.019199999999997885
2014-05-01,0.45000000000001705,0.09999999999999964,-0.1499999999999999,0.3988000000000085,0.0,0.2546999999999997
2014-06-01,0.3129999999999882,-0.20000000000000018,0.040000000000000036,0.33969999999999345,0.010000000000000002,0.2861000000000047
2014-07-01,0.2669999999999959,0.10000000000000053,-0.06000000000000005,0.2757000000000005,-0.010000000000000002,0.44660000000000366
2014-08-01,-0.03799999999998249,-0.10000000000000053,-0.1200000000000001,-0.19879999999999143,0.0,-0.4018000000000086
2014-09-01,0.016999999999995907,-0.1999999999999993,0.10999999999999988,0.33669999999999334,-0.009999999999999998,0.09080000000000155
2014-10-01,-0.046999999999997044,-0.20000000000000018,-0.22999999999999998,0.0053000000000054115,0.0,-0.02599999999999625
2014-11-01,-0.44700000000000273,0.09999999999999964,0.03000000000000025,0.6757999999999953,0.0,0.5785000000000053
2014-12-01,-0.7309999999999945,-0.20000000000000018,-0.1200000000000001,-0.05299999999999727,0.009999999999999998,-0.07220000000000937
2015-01-01,-1.5049999999999955,0.10000000000000053,-0.33000000000000007,-0.7660000000000053,0.0,-0.32169999999999277
2015-02-01,0.5949999999999989,-0.20000000000000018,0.10000000000000009,-0.6186999999999898,-0.009999999999999998,-0.491100000000003
2015-03-01,0.6339999999999861,-0.09999999999999964,0.06000000000000005,-0.3347000000000122,0.009999999999999998,0.33509999999999707
2015-04-01,0.24600000000000932,0.0,-0.10000000000000009,-0.6085999999999956,-0.009999999999999998,0.04390000000000782
2015-05-01,0.7789999999999964,0.1999999999999993,0.26000000000000023,-0.4450999999999965,0.0,0.05879999999999086
2015-06-01,0.6560000000000059,-0.2999999999999998,0.1599999999999997,-0.33450000000000557,0.0,-0.24519999999999698
2015-07-01,0.37699999999998113,-0.09999999999999964,-0.040000000000000036,0.6768000000000001,0.009999999999999998,0.6569999999999965
2015-08-01,-0.0010000000000047748,-0.10000000000000053,-0.1499999999999999,-0.2715999999999923,0.04000000000000001,-0.3316999999999979
2015-09-01,-0.5349999999999966,-0.09999999999999964,0.0,-0.3435000000000059,-0.05,-0.23609999999999332
2015-10-01,0.23500000000001364,0.0,-0.10000000000000009,-0.40919999999999845,0.0,-0.046800000000004616
2015-11-01,0.2839999999999918,0.09999999999999964,0.18999999999999995,-0.7489000000000061,0.09999999999999999,-0.26380000000000337
2015-12-01,-0.2560000000000002,-0.09999999999999964,-0.019999999999999574,-0.5769999999999982,0.11000000000000001,-0.2552999999999912
2016-01-01,-0.10900000000000887,-0.20000000000000018,-0.15000000000000036,0.6467999999999989,0.03,0.3375999999999948
2016-02-01,-0.3159999999999741,0.10000000000000053,-0.30999999999999983,-0.5213999999999999,0.04999999999999999,-0.2972000000000037
2016-03-01,0.7439999999999998,0.09999999999999964,0.10999999999999988,-0.7628999999999877,-0.020000000000000018,-0.10849999999999227
2016-04-01,0.9119999999999777,0.09999999999999964,-0.07999999999999985,0.27189999999998804,-0.05999999999999997,-0.18210000000000548
2016-05-01,0.5649999999999977,-0.2999999999999998,0.0,-0.17839999999999634,0.04000000000000001,-0.0707000000000022
2016-06-01,0.6650000000000205,0.10000000000000053,-0.17000000000000015,0.431200000000004,0.0,0.07760000000000389
2016-07-01,-0.12100000000000932,-0.10000000000000053,-0.1399999999999999,0.17909999999999116,0.02999999999999997,0.113900000000001
2016-08-01,0.4439999999999884,0.10000000000000053,0.06000000000000005,-0.17429999999998813,0.0,-0.3855000000000075
2016-09-01,0.6310000000000002,0.09999999999999964,0.06999999999999984,-0.11890000000001066,-0.010000000000000009,0.12530000000000996
2016-10-01,0.5650000000000261,-0.09999999999999964,0.13000000000000012,0.06430000000000291,0.040000000000000036,0.09529999999999461
2016-11-01,0.2849999999999966,-0.20000000000000018,0.3800000000000001,-0.4414999999999907,0.12,-0.04070000000000107
2016-12-01,0.61099999999999,0.0,0.3500000000000001,0.6669999999999874,0.06,0.059700000000006526
2017-01-01,0.9830000000000041,0.0,-0.06000000000000005,-0.15119999999998868,0.0,0.25369999999999493
2017-02-01,0.25200000000000955,-0.10000000000000053,-0.010000000000000231,-0.37700000000000955,0.010000000000000009,-0.028899999999993042
2017-03-01,-0.10600000000002296,-0.1999999999999993,0.06000000000000005,0.738900000000001,0.21999999999999997,-0.11339999999999861
2017-04-01,0.5080000000000098,0.09999999999999964,-0.18000000000000016,0.9298000000000002,0.06000000000000005,0.9243999999999915
2017-05-01,-0.2050000000000125,-0.09999999999999964,0.0,0.11070000000000846,0.08999999999999997,0.006100000000003547
2017-06-01,0.1490000000000009,-0.10000000000000053,-0.10999999999999988,0.1571999999999889,0.08999999999999997,0.07049999999999557
2017-07-01,0.06200000000001182,0.0,0.1299999999999999,-0.09499999999999886,0.09000000000000008,-0.04949999999999477
2017-08-01,0.9250000000000114,0.10000000000000053,-0.10999999999999988,-0.5036999999999949,-0.06000000000000005,-0.12810000000000343
2017-09-01,1.3459999999999752,-0.20000000000000018,-0.009999999999999787,0.043000000000006366,0.020000000000000018,0.11549999999999727
2017-10-01,0.10600000000002296,-0.10000000000000053,0.1599999999999997,1.2394999999999925,0.040000000000000036,0.8796000000000106
2017-11-01,0.7209999999999752,0.10000000000000053,-0.009999999999999787,0.2849999999999966,0.15999999999999992,0.0782999999999987
2017-12-01,0.3580000000000041,-0.10000000000000053,0.04999999999999982,0.09660000000000935,0.09000000000000008,-0.13110000000000355
2018-01-01,0.9850000000000136,-0.09999999999999964,0.18000000000000016,-0.013500000000007617,0.08999999999999986,-0.23040000000000305
2018-02-01,0.5790000000000077,0.09999999999999964,0.2799999999999998,0.29340000000000543,0.16000000000000014,0.7249000000000052
2018-03-01,0.21699999999998454,-0.09999999999999964,-0.020000000000000018,0.6484999999999985,0.1299999999999999,0.12279999999999802
2018-04-01,0.7580000000000098,0.0,0.03000000000000025,1.1114999999999924,0.06000000000000005,0.4808000000000021
2018-05-01,0.5109999999999957,-0.20000000000000018,0.10999999999999988,-0.8686999999999898,0.10000000000000009,-0.6289000000000016
2018-06-01,0.36599999999998545,0.20000000000000018,-0.06999999999999984,0.7637,0.039999999999999813,0.38049999999999784
2018-07-01,0.19300000000001205,-0.20000000000000018,-0.020000000000000018,0.24289999999999168,0.06000000000000005,0.15760000000000218
2018-08-01,0.3900000000000148,0.0,0.0,0.6184999999999974,0.06999999999999984,0.13060000000000116
2018-09-01,0.4479999999999791,-0.09999999999999964,0.10999999999999988,-0.03439999999999088,0.10000000000000009,-0.05710000000000548
2018-10-01,0.7160000000000082,0.09999999999999964,0.1499999999999999,-0.14410000000000878,0.1200000000000001,-0.4123000000000019
2018-11-01,-0.07699999999999818,0.0,-0.029999999999999805,-0.07469999999999288,0.08000000000000007,-0.36430000000000007
2018-12-01,-0.32900000000000773,0.10000000000000009,-0.29000000000000004,-0.04569999999999652,0.040000000000000036,0.1273000000000053
2019-01-01,-0.0519999999999925,0.10000000000000009,-0.1200000000000001,-0.564700000000002,0.0,-0.6136999999999944
2019-02-01,0.5279999999999916,-0.20000000000000018,-0.029999999999999805,-0.574300000000008,0.020000000000000018,-0.4440000000000026
2019-03-01,1.1779999999999973,0.0,-0.11000000000000032,0.1355000000000075,0.009999999999999787,-0.09040000000000248
2019-04-01,1.179000000000002,-0.09999999999999964,-0.040000000000000036,-0.6092000000000013,-0.020000000000000018,-0.6115000000000066
2019-05-01,0.045000000000015916,0.0,-0.1299999999999999,0.19759999999999422,-0.029999999999999805,0.03630000000001132
2019-06-01,0.0519999999999925,-0.10000000000000009,-0.33000000000000007,-0.06789999999999452,-0.18000000000000016,0.14349999999998886
2019-07-01,0.5020000000000095,0.0,-0.009999999999999787,-0.3272000000000048,-0.06999999999999984,-0.3185000000000002
2019-08-01,0.19299999999998363,0.10000000000000009,-0.43000000000000016,0.6313999999999993,-0.15000000000000013,0.3988000000000085
2019-09-01,0.41399999999998727,-0.20000000000000018,0.07000000000000006,-0.3738999999999919,-0.06000000000000005,-0.4625000000000057
2019-10-01,0.8550000000000182,0.10000000000000009,0.010000000000000009,-0.8498000000000019,-0.24,-0.5276999999999958
2019-11-01,0.6019999999999754,0.0,0.10000000000000009,0.5230999999999995,-0.10999999999999988,0.5875999999999948
2019-12-01,0.21399999999999864,0.0,0.050000000000000044,-0.3696999999999946,0.0,0.03900000000000148
2020-01-01,0.4840000000000373,-0.10000000000000009,-0.10000000000000009,-0.5260999999999996,-0.020000000000000018,-0.11379999999999768
2020-02-01,0.13700000000000045,0.0,-0.26,0.23290000000000077,0.0,0.028000000000005798
2020-03-01,-0.8350000000000364,0.9000000000000004,-0.63,-3.8770000000000095,-1.23,-3.3112000000000137
2020-04-01,-1.7969999999999686,10.4,-0.20999999999999996,-13.245899999999992,-0.14999999999999997,-11.388499999999993
2020-05-01,-0.25,-1.5,0.010000000000000009,1.6415999999999968,-0.010000000000000009,2.863599999999998
2020-06-01,1.339999999999975,-2.200000000000001,0.05999999999999994,5.318799999999996,0.03,4.663000000000004
2020-07-01,1.3220000000000027,-0.9000000000000004,-0.10999999999999999,3.7265000000000015,-0.03,2.8100999999999914
2020-08-01,0.9070000000000391,-1.799999999999999,0.030000000000000027,1.003699999999995,-0.03,1.1574000000000098
2020-09-01,0.6379999999999768,-0.6000000000000005,0.030000000000000027,-0.29049999999999443,0.009999999999999995,0.07840000000000202
2020-10-01,0.3129999999999882,-0.8999999999999995,0.10999999999999999,1.0434999999999945,-0.009999999999999995,1.1029999999999944
2020-11-01,0.46500000000003183,-0.20000000000000018,0.07999999999999996,0.515500000000003,-0.010000000000000009,0.4759999999999991
2020-12-01,0.6329999999999814,0.0,0.06000000000000005,1.1244999999999976,0.0,0.4783000000000044
2021-01-01,0.6709999999999923,-0.40000000000000036,0.15000000000000002,1.1222000000000065,-0.009999999999999995,1.1105000000000018
2021-02-01,0.9300000000000068,-0.09999999999999964,0.17999999999999994,-3.0109999999999957,-0.04,-2.7738999999999976
2021-03-01,1.632000000000005,-0.20000000000000018,0.3500000000000001,2.765199999999993,-0.010000000000000002,2.474099999999993
2021-04-01,2.0389999999999873,0.09999999999999964,0.029999999999999805,0.07980000000000587,-0.009999999999999998,-0.16110000000000468
2021-05-01,1.718999999999994,-0.2999999999999998,-0.019999999999999796,0.6841999999999899,0.0,0.6268000000000029
2021-06-01,2.430000000000007,0.10000000000000053,-0.10000000000000009,0.4988000000000028,0.02,-0.22469999999999857
2021-07-01,1.2839999999999918,-0.5,-0.19999999999999996,0.9865000000000066,0.010000000000000002,1.2597999999999985
2021-08-01,0.7470000000000141,-0.20000000000000018,-0.040000000000000036,-0.08890000000000953,0.0,-0.2938000000000045
